,train_loss,valid_loss,accuracy_breed,accuracy_species,w,id
0,0.48929503560066223,0.3889514207839966,0.050067659467458725,0.8119080066680908,0.0,1
1,0.3800739049911499,0.3259473145008087,0.04465493932366371,0.848443865776062,0.0,1
2,0.3251071572303772,0.30863049626350403,0.042625170201063156,0.8612990379333496,0.0,1
0,0.479076623916626,0.358504980802536,0.05548037961125374,0.8322057127952576,0.0,2
1,0.3831433355808258,0.31203240156173706,0.058186739683151245,0.8606224656105042,0.0,2
2,0.30522945523262024,0.30281418561935425,0.05548037961125374,0.8552097678184509,0.0,2
